brand,name,addr:housenumber,addr:street,addr:city,addr:state,addr:postcode,phone,website,lat,lon,coming_soon,source_url
Bolay,BOLAY Boca Raton - Clint Moore and Military,5030,Champion Blvd G1D,Boca Raton,FL,33496,,https://www.bolay.com/locations/boca-raton---clint-moore-and-military,,,,https://www.bolay.com/locations/boca-raton---clint-moore-and-military
Bolay,BOLAY Brandon,1544,W. Brandon Blvd. Unit 102,Brandon,,33510,,https://www.bolay.com/locations/brandon,,,,https://www.bolay.com/locations/brandon
Bolay,BOLAY Coral Springs,9204,Wiles Road,Coral Springs,,33067,,https://www.bolay.com/locations/coral-springs,,,,https://www.bolay.com/locations/coral-springs
Bolay,"BOLAY Fort Lauderdale, FL",1730,North Federal Highway,Fort lauderdale,,33305,,https://www.bolay.com/locations/fort-lauderdale-fl,,,,https://www.bolay.com/locations/fort-lauderdale-fl
Bolay,BOLAY Gainesville - Butler Plaza,2905,SW 42nd St. Suite 70,Gainesville,,32608,,https://www.bolay.com/locations/gainesville---butler-plaza,,,,https://www.bolay.com/locations/gainesville---butler-plaza
Bolay,BOLAY Gainesville - University,50,NW 13th St. Suite #20,Gainesville,,32603,,https://www.bolay.com/locations/gainesville---university,,,,https://www.bolay.com/locations/gainesville---university
Bolay,BOLAY Hollywood Hills,3255,Hollywood Blvd. Suite 1,Hollywood,,33021,,https://www.bolay.com/locations/hollywood-hills,,,,https://www.bolay.com/locations/hollywood-hills
Bolay,BOLAY Jupiter,1697,West Indiantown Rd. Suite 1,Jupiter,,33458,,https://www.bolay.com/locations/jupiter,,,,https://www.bolay.com/locations/jupiter
Bolay,BOLAY Lake Nona,12711,Narcoossee Rd. #120,Lake Nona,,32832,,https://www.bolay.com/locations/lake-nona,,,,https://www.bolay.com/locations/lake-nona
Bolay,BOLAY Miami Lakes,15141,NW 67th Ave.,Miami Lakes,,33014,,https://www.bolay.com/locations/miami-lakes,,,,https://www.bolay.com/locations/miami-lakes
Bolay,BOLAY Oviedo,1079,Alafaya Trail Suite 1203,Oviedo,,32765,,https://www.bolay.com/locations/oviedo,,,,https://www.bolay.com/locations/oviedo
Bolay,BOLAY Palm Beach Gardens - Alton Town Center,5320,Donald Ross Rd. Suite 100,Palm Beach Gardens,,33418,,https://www.bolay.com/locations/palm-beach-gardens---alton-town-center,,,,https://www.bolay.com/locations/palm-beach-gardens---alton-town-center
Bolay,BOLAY Palm Beach Gardens - Northlake Blvd,3333,Northlake Blvd. #8,Palm Beach Gardens,,33403,,https://www.bolay.com/locations/palm-beach-gardens---northlake-blvd,,,,https://www.bolay.com/locations/palm-beach-gardens---northlake-blvd
Bolay,BOLAY Pembroke Pines - Hiatus Rd.,151,N Hiatus Road,Pembroke Pines,,33026,,https://www.bolay.com/locations/pembroke-pines---hiatus-rd-,,,,https://www.bolay.com/locations/pembroke-pines---hiatus-rd-
Bolay,BOLAY Pembroke Pines - Pines Blvd. & I-75,14810,Pines Blvd,Pembroke Pines,,33027,,https://www.bolay.com/locations/pembroke-pines---pines-blvd-amp-i-75,,,,https://www.bolay.com/locations/pembroke-pines---pines-blvd-amp-i-75
Bolay,BOLAY Pinecrest,7880,SW 104th Street #101,Miami,,33156,,https://www.bolay.com/locations/pinecrest,,,,https://www.bolay.com/locations/pinecrest
Bolay,BOLAY South Tampa - DRIVE THRU,402,S Dale Mabry Hwy.,Tampa,,33609,,https://www.bolay.com/locations/south-tampa---drive-thru,,,,https://www.bolay.com/locations/south-tampa---drive-thru
Bolay,BOLAY Wellington,250,South State Road 7 100,Royal Palm Beach,,33414,,https://www.bolay.com/locations/wellington,,,,https://www.bolay.com/locations/wellington
Bolay,BOLAY West Boca Raton - Uptown,9560,Glades Rd. Suite 130,Boca Raton,,33428,,https://www.bolay.com/locations/west-boca-raton---uptown,,,,https://www.bolay.com/locations/west-boca-raton---uptown
Bolay,BOLAY West Palm Beach,1880,Okeechobee Blvd. Suite A,West Palm Beach,,33409,,https://www.bolay.com/locations/west-palm-beach,,,,https://www.bolay.com/locations/west-palm-beach
Bolay,BOLAY Winter Park,1971,Aloma Ave,Winter Park,,32792,,https://www.bolay.com/locations/winter-park,,,,https://www.bolay.com/locations/winter-park
